Workbook

Sheet dashboard

Sheet energy_timestamp_sql
A1: timestamp | B1: region_id | C1: temperature_c | D1: cloud_cover_pct | E1: wind_speed_ms | F1: solar_mw | G1: wind_mw | H1: fossil_backup_mw | I1: grid_demand_mw | J1: grid_strain_incident | K1: Total supply | L1: Hour
A2: 2026-09-01 00:00:00 | B2: REG_NORTH | C2: 21.8 | D2: 38 | E2: 7 | F2: 0 | G2: 22.4 | H2: 4000 | I2: 5024.5 | J2: 1 | K2: =J2+energy_grid_portfolio_dataset!G2 -> 23.4 | L2: =HOUR(energy_timestamp[[#This Row],[timestamp]]) -> 0
A3: 2026-09-01 01:00:00 | B3: REG_NORTH | C3: 21.9 | D3: 56.6 | E3: 5.5 | F3: 0 | G3: 10.9 | H3: 4000 | I3: 4914.9 | J3: 1 | K3: =J3+energy_grid_portfolio_dataset!G3 -> 11.9 | L3: =HOUR(energy_timestamp[[#This Row],[timestamp]]) -> 1
A4: 2026-09-01 02:00:00 | B4: REG_NORTH | C4: 23.6 | D4: 15.7 | E4: 3.1 | F4: 0 | G4: 1.8 | H4: 4000 | I4: 4879.6 | J4: 1 | K4: =J4+energy_grid_portfolio_dataset!G4 -> 2.8 | L4: =HOUR(energy_timestamp[[#This Row],[timestamp]]) -> 2
A5: 2026-09-01 03:00:00 | B5: REG_NORTH | C5: 20.9 | D5: 0 | E5: 2.9 | F5: 0 | G5: 1.5 | H5: 4000 | I5: 4986.3 | J5: 1 | K5: =J5+energy_grid_portfolio_dataset!G5 -> 2.5 | L5: =HOUR(energy_timestamp[[#This Row],[timestamp]]) -> 3
A6: 2026-09-01 04:00:00 | B6: REG_NORTH | C6: 25.5 | D6: 6.8 | E6: 1.2 | F6: 0 | G6: 0.1 | H6: 4000 | I6: 4798.1 | J6: 1 | K6: =J6+energy_grid_portfolio_dataset!G6 -> 1.1 | L6: =HOUR(energy_timestamp[[#This Row],[timestamp]]) -> 4
A7: 2026-09-01 05:00:00 | B7: REG_NORTH | C7: 26.1 | D7: 26.4 | E7: 1.2 | F7: 0 | G7: 0.1 | H7: 4000 | I7: 5169.8 | J7: 1 | K7: =J7+energy_grid_portfolio_dataset!G7 -> 1.1 | L7: =HOUR(energy_timestamp[[#This Row],[timestamp]]) -> 5
A8: 2026-09-01 06:00:00 | B8: REG_NORTH | C8: 28.2 | D8: 2 | E8: 4.8 | F8: 658.3 | G8: 6.9 | H8: 4000 | I8: 4868.3 | J8: 1 | K8: =J8+energy_grid_portfolio_dataset!G8 -> 7.9 | L8: =HOUR(energy_timestamp[[#This Row],[timestamp]]) -> 6
A9: 2026-09-01 07:00:00 | B9: REG_NORTH | C9: 29.1 | D9: 13 | E9: 7.7 | F9: 1183.5 | G9: 29.3 | H9: 3647.1 | I9: 4859.9 | J9: 0 | K9: =J9+energy_grid_portfolio_dataset!G9 -> 29.3 | L9: =HOUR(energy_timestamp[[#This Row],[timestamp]]) -> 7
A10: 2026-09-01 08:00:00 | B10: REG_NORTH | C10: 29.4 | D10: 41.5 | E10: 1.6 | F10: 1327.7 | G10: 0.2 | H10: 3620.1 | I10: 4948 | J10: 0 | K10: =J10+energy_grid_portfolio_dataset!G10 -> 0.2 | L10: =HOUR(energy_timestamp[[#This Row],[timestamp]]) -> 8
A11: 2026-09-01 09:00:00 | B11: REG_NORTH | C11: 29.3 | D11: 0 | E11: 4.4 | F11: 2345.5 | G11: 5.4 | H11: 2630.4 | I11: 4981.3 | J11: 0 | K11: =J11+energy_grid_portfolio_dataset!G11 -> 5.4 | L11: =HOUR(energy_timestamp[[#This Row],[timestamp]]) -> 9
A12: 2026-09-01 10:00:00 | B12: REG_NORTH | C12: 33.5 | D12: 22.7 | E12: 3.4 | F12: 2273.7 | G12: 2.5 | H12: 4000 | I12: 7260.8 | J12: 1 | K12: =J12+energy_grid_portfolio_dataset!G12 -> 3.5 | L12: =HOUR(energy_timestamp[[#This Row],[timestamp]]) -> 10
A13: 2026-09-01 11:00:00 | B13: REG_NORTH | C13: 32.7 | D13: 15.8 | E13: 6.1 | F13: 2601.6 | G13: 14.6 | H13: 4000 | I13: 6928.2 | J13: 1 | K13: =J13+energy_grid_portfolio_dataset!G13 -> 15.6 | L13: =HOUR(energy_timestamp[[#This Row],[timestamp]]) -> 11
... A1009: 2026-09-14 23:00:00 | B1009: REG_EAST | C1009: 18.8 | D1009: 85.9 | E1009: 1.8 | F1009: 0 | G1009: 0.5 | H1009: 4000 | I1009: 5189.8 | J1009: 1 | K1009: =J1009+energy_grid_portfolio_dataset!G1009 -> 1.5 | L1009: =HOUR(energy_timestamp[[#This Row],[timestamp]]) -> 23

Sheet energy_grid_portfolio_dataset
A1: timestamp | B1: region_id | C1: temperature_c | D1: cloud_cover_pct | E1: wind_speed_ms | F1: solar_mw | G1: wind_mw | H1: fossil_backup_mw | I1: grid_demand_mw | J1: grid_strain_incident | K1: sum of renewable energy resource | L1: Total supply | M1: Hour
A2: 46266 | B2: REG_NORTH | C2: 21.8 | D2: 38 | E2: 7 | F2: 0 | G2: 22.4 | H2: 4000 | I2: 5024.5 | J2: 1 | K2: =F2+G2 -> 22.4 | L2: =K2+energy_grid_portfolio_dataset!H2 -> 4022.4 | M2: =HOUR(A2) -> 0
A3: 46266.042 | B3: REG_NORTH | C3: 21.9 | D3: 56.6 | E3: 5.5 | F3: 0 | G3: 10.9 | H3: 4000 | I3: 4914.9 | J3: 1 | K3: =F3+G3 -> 10.9 | L3: =K3+energy_grid_portfolio_dataset!H3 -> 4010.9 | M3: =HOUR(A3) -> 1
A4: 46266.083 | B4: REG_NORTH | C4: 23.6 | D4: 15.7 | E4: 3.1 | F4: 0 | G4: 1.8 | H4: 4000 | I4: 4879.6 | J4: 1 | K4: =F4+G4 -> 1.8 | L4: =K4+energy_grid_portfolio_dataset!H4 -> 4001.8 | M4: =HOUR(A4) -> 2
A5: 46266.125 | B5: REG_NORTH | C5: 20.9 | D5: 0 | E5: 2.9 | F5: 0 | G5: 1.5 | H5: 4000 | I5: 4986.3 | J5: 1 | K5: =F5+G5 -> 1.5 | L5: =K5+energy_grid_portfolio_dataset!H5 -> 4001.5 | M5: =HOUR(A5) -> 3
A6: 46266.167 | B6: REG_NORTH | C6: 25.5 | D6: 6.8 | E6: 1.2 | F6: 0 | G6: 0.1 | H6: 4000 | I6: 4798.1 | J6: 1 | K6: =F6+G6 -> 0.1 | L6: =K6+energy_grid_portfolio_dataset!H6 -> 4000.1 | M6: =HOUR(A6) -> 4
A7: 46266.208 | B7: REG_NORTH | C7: 26.1 | D7: 26.4 | E7: 1.2 | F7: 0 | G7: 0.1 | H7: 4000 | I7: 5169.8 | J7: 1 | K7: =F7+G7 -> 0.1 | L7: =K7+energy_grid_portfolio_dataset!H7 -> 4000.1 | M7: =HOUR(A7) -> 5
A8: 46266.25 | B8: REG_NORTH | C8: 28.2 | D8: 2 | E8: 4.8 | F8: 658.3 | G8: 6.9 | H8: 4000 | I8: 4868.3 | J8: 1 | K8: =F8+G8 -> 665.2 | L8: =K8+energy_grid_portfolio_dataset!H8 -> 4665.2 | M8: =HOUR(A8) -> 6
A9: 46266.292 | B9: REG_NORTH | C9: 29.1 | D9: 13 | E9: 7.7 | F9: 1183.5 | G9: 29.3 | H9: 3647.1 | I9: 4859.9 | J9: 0 | K9: =F9+G9 -> 1212.8 | L9: =K9+energy_grid_portfolio_dataset!H9 -> 4859.9 | M9: =HOUR(A9) -> 7
A10: 46266.333 | B10: REG_NORTH | C10: 29.4 | D10: 41.5 | E10: 1.6 | F10: 1327.7 | G10: 0.2 | H10: 3620.1 | I10: 4948 | J10: 0 | K10: =F10+G10 -> 1327.9 | L10: =K10+energy_grid_portfolio_dataset!H10 -> 4948 | M10: =HOUR(A10) -> 8
A11: 46266.375 | B11: REG_NORTH | C11: 29.3 | D11: 0 | E11: 4.4 | F11: 2345.5 | G11: 5.4 | H11: 2630.4 | I11: 4981.3 | J11: 0 | K11: =F11+G11 -> 2350.9 | L11: =K11+energy_grid_portfolio_dataset!H11 -> 4981.3 | M11: =HOUR(A11) -> 9
A12: 46266.417 | B12: REG_NORTH | C12: 33.5 | D12: 22.7 | E12: 3.4 | F12: 2273.7 | G12: 2.5 | H12: 4000 | I12: 7260.8 | J12: 1 | K12: =F12+G12 -> 2276.2 | L12: =K12+energy_grid_portfolio_dataset!H12 -> 6276.2 | M12: =HOUR(A12) -> 10
A13: 46266.458 | B13: REG_NORTH | C13: 32.7 | D13: 15.8 | E13: 6.1 | F13: 2601.6 | G13: 14.6 | H13: 4000 | I13: 6928.2 | J13: 1 | K13: =F13+G13 -> 2616.2 | L13: =K13+energy_grid_portfolio_dataset!H13 -> 6616.2 | M13: =HOUR(A13) -> 11
... A1009: 46279.958 | B1009: REG_EAST | C1009: 18.8 | D1009: 85.9 | E1009: 1.8 | F1009: 0 | G1009: 0.5 | H1009: 4000 | I1009: 5189.8 | J1009: 1 | K1009: =F1009+G1009 -> 0.5 | L1009: =K1009+energy_grid_portfolio_dataset!H1009 -> 4000.5 | M1009: =HOUR(A1009) -> 23

Sheet region id vs fuel
A3: Row Labels | B3: Sum of solar_mw | C3: Sum of wind_mw
A4: REG_EAST | B4: 129285.8 | C4: 12693.8
A5: REG_NORTH | B5: 306956.9 | C5: 2546
A6: REG_SOUTH | B6: 138696.5 | C6: 136020.1
A7: Grand Total | B7: 574939.2 | C7: 151259.9

Sheet Dashboard prequisites
B5: KPIs
B6: Total Grid Strain Incidents:
B7: =SUM(energy_grid_portfolio_dataset!J:J) -> 789
B8: Grid Strain Incident Rate: .
B9: =COUNTIF(energy_grid_portfolio_dataset!J:J,1)/COUNTA(energy_grid_portfolio_dataset!A:A) -> 0.78196234
B10: Renewable Energy Penetration:
B11: =SUM(energy_grid_portfolio_dataset!K:K)/SUM(energy_grid_portfolio_dataset!I:I) -> 0.12733658
B12: Fossil Fuel Backup Utilization:
B13: =AVERAGE(energy_grid_portfolio_dataset!H:H)/4000 -> 0.96730513
B17: Analytic Graphs
A18: 1 | B18: Graph A: Clustered Column & Line Combo Chart (Supply vs. Demand Bottlenecks)
B19: X-Axis:Hour (0 to 23)
B20: Primary Y-Axis (Columns): Average grid_demand_mw vs. Average Total Supply (renewable_generation_mw + fossil_backup_mw).
B21: Secondary Y-Axis (Line): Grid strain incident
B22: Strategic Insight: Proves visually that grid strain spikes to 100% between 18:00 and 21:00 across all regions when solar output drops to zero but demand surges.
A23: 2 | B23: Graph B: Stacked Bar Chart (Regional Sustainability Matrix)
B24: Rows: region_id (REG_NORTH, REG_SOUTH, REG_EAST).
B25: Bars: Sum of solar_mw vs. Sum of wind_mw.
B26: Strategic Insight: Highlights that REG_SOUTH dominates wind generation, while REG_NORTH holds the highest solar capacity, guiding corporate clean energy procurement strategies.
B31: Project: Smart Grid Risk Modeling & Sustainability Dashboard
B32: Architectured an analytical ETL pipeline translating over 1000 granular energy records across three regional nodes (REG_NORTH, REG_SOUTH, REG_EAST), engineering rolling capacity performance tables via SQL windowing logic.
B33: Modeled structural supply-demand risks by parsing environmental thresholds and netting instantaneous load deficits against intermittent renewable output paths.
B34: Developed an automated executive Excel dashboard via Power Query integration, incorporating interactive dynamic slicers, conditional hazard color mapping, and multi-axis performance trend graphs.
B35: Business Value Uncovered: Isolated a systematic 78.0% grid strain vulnerability rate, establishing concrete proof that current storage capabilities fail to cover peak load demand during evening solar drop-off cycles.

Sheet hour graph
A3: Hour | B3: Average of grid_demand_mw | C3: Average of Total supply
A4: 0 | B4: 4771.7524 | C4: 4088.6048
A5: 1 | B5: 4772.4357 | C5: 4101.5048
A6: 2 | B6: 4764.8238 | C6: 4136.9548
A7: 3 | B7: 4764.469 | C7: 4103.7333
A8: 4 | B8: 4776.881 | C8: 4111.5952
A9: 5 | B9: 4792.219 | C9: 4090.0857
A10: 6 | B10: 4747.6952 | C10: 4422.4548
A11: 7 | B11: 4803.9238 | C11: 4610.0405
A12: 8 | B12: 4775.7595 | C12: 4676.9762
A13: 9 | B13: 4788.4595 | C13: 4681.1429
A14: 10 | B14: 6912.0238 | C14: 5486.419
A15: 11 | B15: 6921.3405 | C15: 5543.9119
... A27: 23 | B27: 4752.6333 | C27: 4100.6929

Sheet backup by region
A3: region_id | B3: Sum of fossil_backup_mw
A4: REG_EAST | B4: 1329930.9
A5: REG_NORTH | B5: 1272898.5
A6: REG_SOUTH | B6: 1297344.9

Sheet solar by tregion
A3: region_id | B3: Sum of solar_mw
A4: REG_EAST | B4: 129285.8
A5: REG_NORTH | B5: 306956.9
A6: REG_SOUTH | B6: 138696.5
